الأمر,مسار القسم,الفلتر / الحقل,الموجود حاليًا,المطلوب حسب الملف,الملاحظة
تعديل اسم فلتر,المركبات > سيارات دفع رباعي وبيك آب,حالة المركبة,حالة المركبة,حالة السيارة,تسمية الفلتر غير مطابقة لقالب السيارات
تعديل اسم فلتر,المركبات > سيارات دفع رباعي وبيك آب,لون المركبة,لون المركبة,لون السيارة,تسمية الفلتر غير مطابقة لقالب السيارات
تعديل اسم فلتر,المركبات > سيارات دفع رباعي وبيك آب,مصدر المركبة,مصدر المركبة,مصدر السيارة,تسمية الفلتر غير مطابقة لقالب السيارات
تعديل اسم فلتر,المركبات > مركبات حوادث,الحالة,الحالة,حالة التشغيل,تسمية الفلتر غير مطابقة
تعديل اسم فلتر,المركبات > مركبات حوادث,السنة,السنة,سنة الصنع,تسمية الفلتر غير مطابقة
تعديل اسم فلتر,المركبات > مركبات حوادث,اللون,اللون,لون المركبة,تسمية الفلتر غير مطابقة
تعديل اسم فلتر,المركبات > مركبات خدمات,الحالة,الحالة,حالة الدراجة,تسمية الفلتر غير مطابقة
تعديل اسم فلتر,المركبات > مركبات خدمات,السنة,السنة,سنة الصنع,تسمية الفلتر غير مطابقة
تعديل اسم فلتر,المركبات > مركبات خدمات,اللون,اللون,لون الدراجة,تسمية الفلتر غير مطابقة
تعديل اسم فلتر,الوظائف,السعر,السعر,الراتب / الأجر المتوقع,تسمية الفلتر غير مطابقة
تعديل اسم فلتر,خدمات منزلية,السعر,السعر,الأجر / الراتب المتوقع,تسمية الفلتر غير مطابقة
تعديل اسم فلتر,دروس خصوصية,السعر,السعر,الأجر / السعر,تسمية الفلتر غير مطابقة